Nome do cliente,produto,Qtd,VALOR,Status do Pedido,Data,Forma pgto,Observações
Cliente 01,Produto 01,1,"14,50",pago,01/01/2025,Pix,
Cliente 02,Produto 08,2,"34,50",pago,02/01/2025,Cartão,
Cliente 03,Produto 07,3,"60,00",pendente,03/01/2025,Dinheiro,
Cliente 04,Produto 06,1,"22,75",enviado,04/01/2025,Transferência,
Cliente 05,Produto 05,2,"51,00",cancelado,05/01/2025,Pix,
Cliente 06,Produto 04,3,"84,75",devolvido,06/01/2025,Cartão,
Cliente 07,Produto 03,1,"31,00",pago,07/01/2025,Dinheiro,
Cliente 08,Produto 02,2,"67,50",pago,08/01/2025,Transferência,
Cliente 09,Produto 01,3,"109,50",pendente,09/01/2025,Pix,
Cliente 10,Produto 08,1,"39,25",enviado,10/01/2025,Cartão,
Cliente 11,Produto 07,2,"84,00",cancelado,11/01/2025,Dinheiro,
Cliente 12,Produto 06,3,"43,50",devolvido,12/01/2025,Transferência,
Cliente 01,Produto 05,1,"17,25",pago,13/01/2025,Pix,
Cliente 02,Produto 04,2,"40,00",pago,14/01/2025,Cartão,
Cliente 03,Produto 03,3,"68,25",pendente,15/01/2025,Dinheiro,
Cliente 04,Produto 02,1,"25,50",enviado,16/01/2025,Transferência,
Cliente 05,Produto 01,2,"56,50",cancelado,17/01/2025,Pix,
Cliente 06,Produto 08,3,"93,00",devolvido,18/01/2025,Cartão,
Cliente 07,Produto 07,1,"33,75",pago,19/01/2025,Dinheiro,
Cliente 08,Produto 06,2,"73,00",pago,20/01/2025,Transferência,
Cliente 09,Produto 05,3,"117,75",pendente,21/01/2025,Pix,
Cliente 10,Produto 04,1,"42,00",enviado,22/01/2025,Cartão,
Cliente 11,Produto 03,2,"29,00",cancelado,23/01/2025,Dinheiro,
Cliente 12,Produto 02,3,"51,75",devolvido,24/01/2025,Transferência,
Cliente 01,Produto 01,1,"20,00",pago,25/01/2025,Pix,
Cliente 02,Produto 08,2,"45,50",pago,26/01/2025,Cartão,
Cliente 03,Produto 07,3,"76,50",pendente,27/01/2025,Dinheiro,
Cliente 04,Produto 06,1,"28,25",enviado,28/01/2025,Transferência,
Cliente 05,Produto 05,2,"62,00",cancelado,29/01/2025,Pix,
Cliente 06,Produto 04,3,"101,25",devolvido,30/01/2025,Cartão,
Cliente 07,Produto 03,1,"36,50",pago,31/01/2025,Dinheiro,
Cliente 08,Produto 02,2,"78,50",pago,01/02/2025,Transferência,
Cliente 09,Produto 01,3,"126,00",pendente,02/02/2025,Pix,
Cliente 10,Produto 08,1,"14,50",enviado,03/02/2025,Cartão,
Cliente 11,Produto 07,2,"34,50",cancelado,04/02/2025,Dinheiro,
Cliente 12,Produto 06,3,"60,00",devolvido,05/02/2025,Transferência,
Cliente 01,Produto 05,1,"22,75",pago,06/02/2025,Pix,
Cliente 02,Produto 04,2,"51,00",pago,07/02/2025,Cartão,
Cliente 03,Produto 03,3,"84,75",pendente,08/02/2025,Dinheiro,
Cliente 04,Produto 02,1,"31,00",enviado,09/02/2025,Transferência,
Cliente 05,Produto 01,2,"67,50",cancelado,10/02/2025,Pix,
Cliente 06,Produto 08,3,"109,50",devolvido,11/02/2025,Cartão,
Cliente 07,Produto 07,1,"39,25",pago,12/02/2025,Dinheiro,
Cliente 08,Produto 06,2,"84,00",pago,13/02/2025,Transferência,
Cliente 09,Produto 05,3,"43,50",pendente,14/02/2025,Pix,
Cliente 10,Produto 04,1,"17,25",enviado,15/02/2025,Cartão,
Cliente 11,Produto 03,2,"40,00",cancelado,16/02/2025,Dinheiro,
Cliente 12,Produto 02,3,"68,25",devolvido,17/02/2025,Transferência,
Cliente 01,Produto 01,1,"25,50",pago,18/02/2025,Pix,
Cliente 02,Produto 08,2,"56,50",pago,19/02/2025,Cartão,
Cliente 03,Produto 07,3,"93,00",pendente,20/02/2025,Dinheiro,
Cliente 04,Produto 06,1,"33,75",enviado,21/02/2025,Transferência,
Cliente 05,Produto 05,2,"73,00",cancelado,22/02/2025,Pix,
Cliente 06,Produto 04,3,"117,75",devolvido,23/02/2025,Cartão,
Cliente 07,Produto 03,1,"42,00",pago,24/02/2025,Dinheiro,
Cliente 08,Produto 02,2,"29,00",pago,25/02/2025,Transferência,
Cliente 09,Produto 01,3,"51,75",pendente,26/02/2025,Pix,
Cliente 10,Produto 08,1,"20,00",enviado,27/02/2025,Cartão,
Cliente 11,Produto 07,2,"45,50",cancelado,28/02/2025,Dinheiro,
Cliente 12,Produto 06,3,"76,50",devolvido,01/03/2025,Transferência,
